{
  "/m/01g50p": 2.7562551026541695,
  "/m/0284vy3": 1.4323150418710786,
  "/m/06d_3": 2.8554140176228495,
  "/m/07jdr": 3.335151927313431,
  "/m/07rwm0c": 1.3555254310855498,
  "/m/02qldy": 3.5282373038304202,
  "/m/02zsn": 2.6657757609390345,
  "/m/05zppz": 3.7042207978424475,
  "/m/09x0r": 12.046349675434831,
  "/m/019jd": 3.410009888884797,
  "/m/07yv9": 8.023393676744387,
  "/m/04rlf": 12.41538463479435,
  "/m/0c1dj": 2.5886252182682266,
  "/m/012f08": 2.8597349917810493,
  "/m/0k4j": 5.3049473011939625,
  "/t/dd00134": 1.8739053893138002,
  "/t/dd00067": 2.009181505390561,
  "/m/06h7j": 2.0343870816357095,
  "/m/018vs": 2.294842496293791,
  "/m/0342h": 5.599218251114557,
  "/m/04szw": 7.604982203171224,
  "/m/0fx80y": 5.294502121761414,
  "/m/07swgks": 1.303860619529625,
  "/m/0j2kx": 1.1150340723838288,
  "/m/0j6m2": 1.611722794660614,
  "/t/dd00004": 2.5730155197553684,
  "/m/0ggx5q": 1.7144054721129924,
  "/m/07s8j8t": 1.2147763601446278,
  "/m/01bjv": 2.221560916242876,
  "/m/07qmpdm": 1.0519457971402242,
  "/m/07r04": 3.1278397462927607,
  "/m/026t6": 3.868716265256464,
  "/m/02hnl": 3.41766829712219,
  "/m/0bm02": 2.740485534429379,
  "/m/042v_gx": 3.3867452169463164,
  "/t/dd00003": 2.5062689972962224,
  "/m/0k5j": 2.2391122378908714,
  "/m/015p6": 4.402843198463627,
  "/m/020bb7": 2.2928683426240246,
  "/m/07pggtn": 1.9744712927066832,
  "/m/0cfdd": 1.560720440422674,
  "/m/03m9d0z": 2.4589328200944798,
  "/t/dd00092": 2.4174256198536472,
  "/m/02y_763": 0.8847526667954879,
  "/m/02mk9": 3.7010238267516997,
  "/t/dd00066": 2.417017712080722,
  "/t/dd00130": 0.9391421300625408,
  "/m/01kcd": 2.4401159429837636,
  "/m/07c6l": 1.504680618187861,
  "/m/02lkt": 4.7920329120758245,
  "/m/0fd3y": 1.3584721288617765,
  "/m/0l14qv": 2.0952983244428602,
  "/m/015lz1": 4.691582017535533,
  "/t/dd00126": 4.222141146454017,
  "/m/05pd6": 2.6616928987566664,
  "/t/dd00125": 6.361929003197492,
  "/t/dd00034": 1.7303275151500297,
  "/m/0l14jd": 2.425766527452912,
  "/m/0cmf2": 1.655194259006563,
  "/m/07sq110": 0.7034124047301051,
  "/m/0ytgt": 2.939580401759173,
  "/m/01yrx": 1.8481742767977907,
  "/m/068hy": 3.91705782343765,
  "/m/0jbk": 5.199302220412058,
  "/m/02sgy": 3.1187528008950953,
  "/m/07s0s5r": 3.338807266055059,
  "/m/06j6l": 1.8484659121719802,
  "/t/dd00129": 4.858811572485037,
  "/m/05rwpb": 1.3735152634913672,
  "/m/03kmc9": 2.701422808187702,
  "/m/0bt9lr": 3.3690661213710946,
  "/m/06q74": 0.7773257741503132,
  "/m/01lyv": 2.118430930325889,
  "/m/01sm1g": 1.356368072347633,
  "/m/07rknqz": 1.1077396940508022,
  "/m/025td0t": 1.8801971462371811,
  "/m/07s0dtb": 0.28994028429471685,
  "/m/0ln16": 1.1697316958853714,
  "/m/06by7": 2.5668457354926764,
  "/m/07rgt08": 1.142721782464375,
  "/m/018w8": 1.2941421515479166,
  "/m/06bz3": 1.934554868795463,
  "/m/0b_fwt": 0.9959385318449465,
  "/m/01b9nn": 0.739248963749803,
  "/m/07qwyj0": 1.0903487641378122,
  "/m/07p9k1k": 1.014375337583206,
  "/m/07s72n": 3.545691516705868,
  "/m/07qjznl": 1.644455930468477,
  "/m/07qjznt": 1.2265868067108854,
  "/t/dd00031": 0.9403717053863843,
  "/m/07pb8fc": 2.428200160412595,
  "/m/07q2z82": 3.22998769132776,
  "/m/07rc7d9": 1.8707494206282478,
  "/m/01z7dr": 1.649835641643763,
  "/m/02rlv9": 2.7646786415952227,
  "/m/0261r1": 0.7065890132840243,
  "/m/02rr_": 2.0107526208172053,
  "/m/02p0sh1": 1.1603028557773052,
  "/m/0y4f8": 1.7239803735795374,
  "/m/03q5t": 1.1771197483557938,
  "/m/064t9": 2.2174307387131775,
  "/m/081rb": 0.7506203397266691,
  "/m/0912c9": 1.8391045900163339,
  "/m/03k3r": 1.754189186372996,
  "/m/07rv9rh": 1.7837676102980742,
  "/m/0gywn": 1.2608531143090622,
  "/m/07q5rw0": 0.5640664204147396,
  "/m/04s8yn": 0.7670359421349137,
  "/m/03r5q_": 0.8963917181494967,
  "/m/01j4z9": 1.2599401700057031,
  "/m/01yg9g": 1.1761374838782217,
  "/m/01bns_": 0.8414945899959494,
  "/m/03_d0": 2.0530893754364756,
  "/m/0l14_3": 2.8217939822011284,
  "/t/dd00128": 4.806406552633836,
  "/t/dd00033": 1.010370458322789,
  "/m/02x984l": 0.738485564664139,
  "/m/07r81j2": 0.48939310107159545,
  "/m/03qtwd": 2.8966240734096975,
  "/m/07y_7": 4.466668237123875,
  "/m/0790c": 0.2826986164579285,
  "/m/01jwx6": 1.4918926960420817,
  "/m/07r_k2n": 1.4515762657676958,
  "/t/dd00136": 1.2530702065225774,
  "/m/028ght": 1.2998944877391825,
  "/m/053hz1": 1.9087439516251177,
  "/t/dd00127": 2.291770579899145,
  "/m/01h3n": 1.2731086144797683,
  "/m/03vt0": 1.6120678779839395,
  "/m/0h2mp": 1.0726717240068486,
  "/m/0838f": 2.660448477055132,
  "/m/0dwsp": 2.1081368240623504,
  "/m/0dwtp": 1.7668968568822199,
  "/m/0j45pbj": 1.581002821059523,
  "/m/0d8_n": 1.7144054721129924,
  "/m/07xzm": 2.1269586827867757,
  "/m/0c3f7m": 0.7809720892761818,
  "/m/07gxw": 3.426508163664855,
  "/m/03l9g": 0.5008386969072927,
  "/m/07qn4z3": 0.8814943497469351,
  "/m/032s66": 1.8228729648687887,
  "/m/04zjc": 1.1898117135928044,
  "/t/dd00035": 2.0248210416294343,
  "/m/02rtxlg": 1.0732117126207674,
  "/g/122z_qxw": 0.9261381824632141,
  "/m/0326g": 1.364344249989463,
  "/m/06mb1": 1.701212782000571,
  "/m/07r10fb": 0.9483269558436678,
  "/m/02v2lh": 1.3973704844747188,
  "/m/07qcx4z": 0.34479411432957563,
  "/m/01m4t": 1.761951278911119,
  "/m/06cqb": 1.3445176113125508,
  "/m/07rqsjt": 1.0464233085826922,
  "/m/03m5k": 1.2654071639104687,
  "/m/01d380": 1.2945856305970542,
  "/m/07k1x": 2.6872818857155374,
  "/m/0_ksk": 1.718881906663368,
  "/m/03qjg": 1.3208963925629094,
  "/m/02cjck": 1.7137648105150105,
  "/m/0l14gg": 2.232751653401016,
  "/m/0mkg": 1.5502808433443913,
  "/t/dd00037": 1.0206374928021893,
  "/m/03dnzn": 0.9154834965754853,
  "/m/02x8m": 1.6165459446681862,
  "/m/01p970": 1.1558085565674556,
  "/m/0l14md": 3.631272139140443,
  "/m/03mb9": 2.0695552755266653,
  "/m/09ddx": 1.530984873673458,
  "/m/05148p4": 2.833499045861876,
  "/m/05r5c": 2.9666911731894303,
  "/m/07bjf": 0.460480274519018,
  "/m/0m0jc": 1.9776838609036709,
  "/m/02cz_7": 1.4255631472535053,
  "/m/0ltv": 2.434269288843279,
  "/m/09ct_": 1.8537054363309515,
  "/m/07rrh0c": 0.40819552213836824,
  "/m/07pbtc8": 1.1528022247048213,
  "/m/02yds9": 0.5341193134328519,
  "/m/06_y0by": 0.9223909433416659,
  "/m/04rzd": 1.396963067079851,
  "/m/03wvsk": 0.36158020197140606,
  "/m/07lnk": 1.6528524462293603,
  "/m/08cyft": 1.4862103777466422,
  "/m/026z9": 1.513631870306263,
  "/m/06wzb": 1.387144588834243,
  "/m/07rjwbb": 1.4994303333909722,
  "/m/01h8n0": 1.3685214100711012,
  "/m/03fwl": 1.293698506494054,
  "/m/07r_25d": 1.6261408929461947,
  "/m/0h0rv": 2.790885169398851,
  "/m/01qbl": 1.9947042520019191,
  "/m/02mscn": 1.5031827109140212,
  "/m/03qtq": 1.8252452229811498,
  "/m/06rvn": 2.375520492227227,
  "/m/02bxd": 0.9513697757535587,
  "/m/01d3sd": 1.4263593756530952,
  "/m/0llzx": 1.2672238296635268,
  "/m/0mbct": 0.45609201024109397,
  "/m/07qsvvw": 1.3768332391597935,
  "/m/01j3sz": 2.096289613014495,
  "/m/05tny_": 1.5390289998039737,
  "/m/07s04w4": 1.203801893792432,
  "/t/dd00005": 1.495290086236884,
  "/m/0l14j_": 1.9790204341097735,
  "/m/01v1d8": 2.0294821759598607,
  "/m/07bgp": 1.5287824108181496,
  "/m/07q0h5t": 1.3239285927598636,
  "/m/07rwj3x": 1.2176219934767851,
  "/m/07ryjzk": 0.738485564664139,
  "/m/07rdhzs": 1.1009221211296334,
  "/m/07qwf61": 1.2726569854921057,
  "/m/01s0ps": 1.9171187849404392,
  "/m/07pjjrj": 1.0753689340837145,
  "/m/011k_j": 0.9230164794642882,
  "/m/07cx4": 0.9771627415846383,
  "/m/03t3fj": 1.9022912518667794,
  "/m/04_sv": 2.5508550264162375,
  "/m/01c194": 2.0094434693936223,
  "/m/0dgbq": 1.2959150732852924,
  "/m/07qlf79": 1.6332927633347627,
  "/m/0gvgw0": 0.7982709735718156,
  "/m/05lls": 1.2932546952781887,
  "/m/0ggq0m": 2.43022557189576,
  "/m/06_fw": 1.3879657814804005,
  "/m/0glt670": 2.1639490437021607,
  "/m/02w4v": 1.1829953646639373,
  "/m/028v0c": 2.4320464148968983,
  "/m/03lty": 2.148919740313427,
  "/m/012ndj": 1.7265226735842982,
  "/m/03j1ly": 2.2575994415315273,
  "/m/07c52": 1.273560069799581,